씬ID(sceneId),선택지번호(choiceIndex),선택지텍스트(text),반응강조캐릭터(reactionActiveCharacters),반응하는캐릭터(reactionSpeaker),반응텍스트(reactionText),표시캐릭터1(reactionChar_left),표시캐릭터1표정(reactionEmotion_left),표시캐릭터2(reactionChar_center),표시캐릭터2표정(reactionEmotion_center),표시캐릭터3(reactionChar_right),표시캐릭터3표정(reactionEmotion_right),다음씬ID(nextSceneId),affectioncharacter1,affectionValue1,affectioncharacter2,affectionValue2,표시조건(show_if),명령어(command)
scene1_choice1,1,네,szymanowska,szymanowska,"그래, 어서 가자. 이대로 가다가는 폴로네즈를 놓치겠어.",szymanowska,무도회디폴트,,,,,scene2,,,,,,
scene1_choice1,2,아직요,szymanowska,szymanowska,,szymanowska,무도회디폴트,,,,,scene1_choice2,,,,,,
scene1_choice1,3,다음이벤트로 스킵(개발자용),,,,szymanowska,무도회디폴트,,,,,scenejan_1,,,,,,
scene1_choice2,1,대담한 색배합의 드레스를 고른다,szymanowska,szymanowska,들어가면 다들 우리 에투아르만 보겠는데? 눈길을 확 잡아끄는 맛이 있네.,szymanowska,무도회미소,,,,,scene2,liszt,1,,,,
scene1_choice2,2,차분한 색배합의 드레스를 고른다,szymanowska,szymanowska,너희 나이 때는 원래 이렇게 덜 꾸미는 게 얼굴이 더 살아. 이렇게 하얀 드레스 하나만 입어도 얼마나 예뻐.,szymanowska,무도회디폴트,,,,,scene2,mendelssohn,1,,,,
scene2_choice,1,긴장했다,,,,,,,,,,,mendelssohn,1,,,,
scene2_choice,2,흥분했다,,,,,,,,,,,liszt,1,,,,
scene3_choice,1,샴페인을 한 잔 더 하기로 한다,,,,,,,,,,scene4_a,,,,,,
scene3_choice,2,셰즈 롱그에서 잠깐 숨을 돌리기로 한다,,,,,,,,,,scene4_b,,,,,,
scene4_a_choice,1,알고 있어요,liszt,???,그래요? 이거 민망하네.,liszt,default,,,,,scene4_aa,,,,,,
scene4_a_choice,2,알려줘서 고마워요,liszt,???,별말씀을요. 이런 좋은 조언을 해 주는 사람이 흔하지는 않으니 조심해요.,liszt,미소,,,,,scene4_aa,liszt,1,,,,
scene4_b_choice,1,괜찮아요,mendelssohn,???,당신의 반응에 남자는 당신의 팔을 잡았던 손에서 힘을 빼고 당신이 셰즈 롱그에 자리잡고 앉는 것까지 지켜본다.,mendelssohn,default,,,,,scene4_bb,mendelssohn,1,,,,
scene4_b_choice,2,고개를 끄덕인다,mendelssohn,???,당신의 반응에 남자는 당신의 팔을 잡았던 손에서 힘을 빼고 당신이 셰즈 롱그에 자리잡고 앉는 것까지 지켜본다.,mendelssohn,default,,,,,scene4_bb,,,,,,
scene5_choice,1,물론이죠,liszt,liszt,자신의 가치를 잘 알고 있는 숙녀분이시로군요. 이렇게 소개받을 수 있어 기쁩니다.,szymanowska,무도회디폴트,liszt,웃음,mendelssohn,default,,liszt,1,,,,
scene5_choice,2,마음은 감사하지만 제게는 과분한 영광이로군요,liszt,liszt,물론 농담이었습니다. 이리 재치 있는 숙녀분을 소개받아 기쁩니다.,szymanowska,무도회디폴트,liszt,젠틀,mendelssohn,default,,,,,,,
scene6_choice,1,무릎인사로 화답한다,mendelssohn,mendelssohn,"훌륭한 샤프롱을 두셨군요, 베시에르 양. 시마노프스카 부인의 이름은 유럽 전역에 잘 알려져 있죠.",szymanowska,무도회디폴트,liszt,default,mendelssohn,미소,,mendelssohn,1,,,,
scene6_choice,2,고개를 가볍게 숙인다,mendelssohn,mendelssohn,샤프롱으로서 고생이 많으시겠습니다. 하지만 그토록 인내심이 있으시니 훌륭한 샤프롱이신 거겠죠.,szymanowska,무도회디폴트,liszt,default,mendelssohn,젠틀,,,,,,,
scene7_choice1,1,멘델스존 씨 덕분에 기분 좋은 시간을 보내고 돌아가는 아가씨들이 있겠네요.,mendelssohn,mendelssohn,과분한 칭찬이십니다. 신사라면 손이 비지 않게 하는 건 당연한 예의죠.,szymanowska,무도회디폴트,liszt,default,mendelssohn,미소,,mendelssohn,1,,,,
scene7_choice1,2,한 곡 정도는 제게 시간을 내 준다면 좋겠네요.,mendelssohn,mendelssohn,원하신다면 숙녀분의 뜻에 따르도록 하지요.,szymanowska,무도회디폴트,liszt,default,mendelssohn,젠틀,,,,,,,
scene7_choice2,1,제 발은 밟으셔도 좋아요,liszt,liszt,"하하, 그렇게 이야기해 주시니 긴장이 확 풀리는군요! 그래도 베시에르 양의 앙증맞은 발을 밟았다가는 저도 슬퍼질 것 같으니 조심하죠.",szymanowska,무도회디폴트,liszt,웃음,mendelssohn,default,scene8,liszt,1,,,,
scene7_choice2,2,너무 겸손하시네요,liszt,liszt,겸손이라기보다는… 정말로 춤에 익숙치 않아서 말이죠.,szymanowska,무도회디폴트,liszt,민망,mendelssohn,default,scene9,,,,,,
scene9_choice,1,둘 모두를 거절한다,szymanowska,szymanowska,"어머나, 정말로?",szymanowska,무도회놀람,liszt,민망,mendelssohn,찌풀,scene10_a,liszt,-1,mendelssohn,-2,,
scene9_choice,2,둘 모두를 승낙한다,szymanowska,szymanowska,잘 선택했어.,szymanowska,무도회미소,liszt,default,mendelssohn,default,scene10_b,liszt,1,mendelssohn,1,,
scene9_choice,3,리스트를 거절하고 멘델스존을 승낙한다,,,,szymanowska,무도회놀람,liszt,민망,mendelssohn,걱정,scene10_c,liszt,-2,mendelssohn,-1,,
scene9_choice,4,멘델스존을 거절하고 리스트를 승낙한다,liszt,liszt,"하하, 영광입니다.",szymanowska,무도회놀람,liszt,웃음,mendelssohn,수줍,scene10_d,liszt,2,mendelssohn,-2,,
scene10_c_choice,1,사과를 한다,liszt,liszt,"아닙니다, 아닙니다. 숙녀 분의 취향이 그러시다는데 거기에 대고 내가 왈가왈부 할 수 없는 노릇 아니겠어요.",szymanowska,무도회놀람,liszt,웃음,mendelssohn,젠틀,scene10_c_a,liszt,-1,,,,
scene10_c_choice,2,사과를 하지 않는다,mendelssohn,mendelssohn,"오, 이럴 수가… 정말 미안하게 됐어요, 리스트 씨. 이런…",szymanowska,무도회놀람,liszt,민망,mendelssohn,걱정,scene10_c_b,liszt,1,mendelssohn,-1,,
scene12_b_choice,1,의견이 확고하시네요. 저라면 좀 더 조심해서 말하겠어요.,liszt,liszt,그렇게 조심스러울 것 없어요. 어차피 당신 말을 듣는 건 나뿐인데.,liszt,default,,,,,scene12_b_a_choice,liszt,-1,,,,
scene12_b_choice,2,"완전히 동감해요, 이토록 몰개성하고 무가치한 음악은 예술이라 부를 수 없죠.",liszt,liszt,이런 곳에서 저와 동의하는 분을 만날 줄은 몰랐군요!,liszt,심취,,,,,scene12_b_b,liszt,1,,,,
scene12_b_a_choice,1,그렇긴 하죠. 자기 의견이 없는 사람은 매력이 없긴 해요.,liszt,liszt,안전함을 추구하는 사람들은 아무런 변화도 만들어낼 수 없는 법이지 않습니까?,liszt,default,,,,,scene12_b_a_a,liszt,1,,,,
scene12_b_a_choice,2,글쎄요… 언제나 그런 건 아니죠.,liszt,liszt,"조심성이 참으로 많으시군요! 하긴, 이런 시대에는 베시에르 양과 같은 분이 더 어울릴지도 모르겠습니다.",liszt,웃음,,,,,scene12_b_a_b,liszt,-1,,,,
scene14_b_choice,1,반드시 진보하는 것만이 답일까요?,liszt,liszt,흐음… 일단 난 그렇게 생각합니다. 지금까지 역사는 인간을 더욱 풍요롭게 만드는 방향으로 발전해왔죠.,liszt,default,,,,,scene14_b_a,mendelssohn,1,,,,
scene14_b_choice,2,하지만 그렇게 진보하기 위해서는 치열한 노력이 필요하겠죠. ,liszt,liszt,"하하하, 현명한 말씀이십니다. 아무 노력도 없이 진보만을 기대하는 것은 어리석은 일이죠.",liszt,미소,,,,,scene15_b_choice,liszt,1,,,,
scene15_b_choice,1,얼마 정도의 관심은 있습니다.,liszt,liszt,저도 그곳에서 오고가는 이야기들이 상당히 흥미롭다고 생각하고 있습니다. 다른 것보다도 예술이 수행하는 역할에 대한 견해가 인상깊더군요.,liszt,미소,,,,,scene15_b_a_choice,liszt,1,,,,
scene15_b_choice,2, 딱히 흥미를 느끼지는 못해요.,liszt,liszt,"아아, 그렇군요. 숙녀분께 좀 어려운 이야기였으려나요? 이거 죄송해지네요.",liszt,default,,,,,scene17_b,mendelssohn,1,,,,
scene15_b_a_choice,1,예술에 별다른 역할이 필요한가요? 아름다운 것 그 자체로 예술은 그 기능을 다하고 있다고 생각하는데요.,liszt,liszt,"아아, 그런 입장이시군요. 베시에르 양의 주장도 그 근거가 아주 없는 건 아닙니다만 내 생각은 조금 다릅니다.",liszt,default,,,,,scene16_b_a,,,,,,
scene15_b_a_choice,2,"예술은 인간의 정신을 교화하고 고양시키며, 도덕적인 인격을 함양하는 데 도움을 주죠.",liszt,liszt,그것 또한 맞는 말이라고 생각합니다. 거기에 굳이 조금 더 사견을 덧붙여 본다면...,liszt,default,,,,,scene16_b_a,liszt,1,,,,
scene15_b_a_choice,3,예술은 신과 소통하는 통로이자 우리의 현실과 연결되어 영향을 주고받는다고 생각해요.,liszt,liszt,"신과 소통하는 통로… 신과 소통하는 통로, 라! 참으로 적절한 말씀입니다. 너무나 정확한 단어로 표현해 주셨네요!",liszt,심취,,,,,scene16_b_a,liszt,2,,,,
scene16_b_a_choice,1,언젠가는 대중이 당신을 따라오게 될 거예요.,liszt,liszt,당신의 말에 리스트의 얼굴에 금방이라도 부서질 듯 엷은 미소가 떠올랐다. ,liszt,씁쓸,,,,,scene16_b_a_a,,,,,,
scene16_b_a_choice,2,연주자의 어쩔 수 없는 숙명이죠.,liszt,liszt,리스트는 애써 미소를 지으며 고개를 끄덕였다. ,liszt,씁쓸,,,,,scene17_b,liszt,-1,,,,
scene16_b_a_choice,3,연주자도 창조를 하는 사람이니 원숭이라고 스스로를 깎아내리지 말아요.,liszt,liszt,리스트는 입꼬리를 끌어올리며 고개를 끄덕였다. 표정에는 묘한 안도와 체념이 섞여 있었다.,liszt,씁쓸,,,,,scene16_b_a_c,liszt,1,,,,
scene17_b_choice,1,어느 쪽이든 빨리 결론이 나기를 바라요. 국내의 불안정이 최소화되었으면 좋겠거든요. ,liszt,liszt,"흐으음, 그런 입장이시군요.",liszt,default,,,,,scene18_b,liszt,-1,,,,
scene17_b_choice,2,"오랜 기간 러시아의 지배를 받아온 폴란드 사람들이 들고일어났으니, 성공하기를 바라요.",liszt,liszt,"상당히 동정적이시군요. 폴란드 사람들은 고결하고 용맹하죠. 러시아에 악감정이 있는 것은 아니지만, 저도 봉기가 성공적이기를 바랍니다.",liszt,default,,,,,scene17_b_b,liszt,1,,,,
scene17_b_choice,3,취지에는 동감하지만 좀 더 평화적인 방법이 있었다면 좋았을 거라 생각하고 있어요. ,liszt,liszt,동의합니다. 어떤 상황에서든 평화적인 해결책이 최우선되어야 인류의 화합이 한 발짝 더 가까워질 테니까요.,liszt,미소,,,,,scene17_b_c,liszt,1,,,,
scene18_b_choice,1,왈츠 한 곡이 이렇게 짧았던가요? 아쉽네요,liszt,liszt,"아쉬우면 한 곡 더 춰 주시겠습니까? 물론 농담이에요, 아름다운 레이디가 또 다른 매력적인 신사와 춤출 기회를 뺏을 생각은 없습니다.",liszt,미소,,,,,scene19_b_a,,,,,,
scene18_b_choice,2,다음 번에는 발을 덜 밟을 수 있도록 기술을 더 연마해 오도록 하세요,,,,,,,,,,scene19_b_b,liszt,1,,,,
scene20_b_choice,1,즐거웠어요,,narrator,당신은 미소를 지으며 펀치 한 잔을 목 너머로 삼킨다. 리스트는 조금 과했지만 과한 재미가 있는 사람이었다.,szymanowska,무도회디폴트,,,,,scene21_b,liszt,1,,,,
scene20_b_choice,2,별 일 없었어요,,narrator,당신은 어깨를 으쓱한다. 특별히 즐거울 것도 없지만 특별히 나쁠 것도 없는 시간이었다.,szymanowska,무도회디폴트,,,,,scene21_b,,,,,,
scene12_c_choice,1,의견이 확고하시네요. 저라면 좀 더 조심해서 말하겠어요.,liszt,liszt,그렇게 조심스러울 것 없어요. 어차피 당신 말을 듣는 건 나뿐인데.,liszt,default,,,,,scene12_c_a_choice,liszt,-1,,,,
scene12_c_choice,2,"완전히 동감해요, 이토록 몰개성하고 무가치한 음악은 예술이라 부를 수 없죠.",liszt,liszt,이런 곳에서 저와 동의하는 분을 만날 줄은 몰랐군요!,liszt,심취,,,,,scene12_c_b,liszt,1,,,,
scene12_c_a_choice,1,그렇긴 하죠. 자기 의견이 없는 사람은 매력이 없긴 해요.,liszt,liszt,안전함을 추구하는 사람들은 아무런 변화도 만들어낼 수 없는 법이지 않습니까?,liszt,default,,,,,scene12_c_a_a,liszt,1,,,,
scene12_c_a_choice,2,글쎄요… 언제나 그런 건 아니죠.,liszt,liszt,"조심성이 참으로 많으시군요! 하긴, 이런 시대에는 베시에르 양과 같은 분이 더 어울릴지도 모르겠습니다.",liszt,웃음,,,,,scene12_c_a_b,liszt,-1,,,,
scene14_c_choice,1,반드시 진보하는 것만이 답일까요?,liszt,liszt,흐음… 일단 난 그렇게 생각합니다. 지금까지 역사는 인간을 더욱 풍요롭게 만드는 방향으로 발전해왔죠.,liszt,default,,,,,scene14_c_a,mendelssohn,1,,,,
scene14_c_choice,2,하지만 그렇게 진보하기 위해서는 치열한 노력이 필요하겠죠. ,liszt,liszt,"하하하, 현명한 말씀이십니다. 아무 노력도 없이 진보만을 기대하는 것은 어리석은 일이죠.",liszt,미소,,,,,scene15_c_choice,liszt,1,,,,
scene15_c_choice,1,얼마 정도의 관심은 있습니다.,liszt,liszt,저도 그곳에서 오고가는 이야기들이 상당히 흥미롭다고 생각하고 있습니다. 다른 것보다도 예술이 수행하는 역할에 대한 견해가 인상깊더군요.,liszt,미소,,,,,scene15_c_a_choice,liszt,1,,,,
scene15_c_choice,2, 딱히 흥미를 느끼지는 못해요.,liszt,liszt,"아아, 그렇군요. 숙녀분께 좀 어려운 이야기였으려나요? 이거 죄송해지네요.",liszt,default,,,,,scene17_c,mendelssohn,1,,,,
scene15_c_a_choice,1,예술에 별다른 역할이 필요한가요? 아름다운 것 그 자체로 예술은 그 기능을 다하고 있다고 생각하는데요.,liszt,liszt,"아아, 그런 입장이시군요. 베시에르 양의 주장도 그 근거가 아주 없는 건 아닙니다만 내 생각은 조금 다릅니다.",liszt,default,,,,,scene16_c_a,,,,,,
scene15_c_a_choice,2,"예술은 인간의 정신을 교화하고 고양시키며, 도덕적인 인격을 함양하는 데 도움을 주죠.",liszt,liszt,그것 또한 맞는 말이라고 생각합니다. 거기에 굳이 조금 더 사견을 덧붙여 본다면...,liszt,default,,,,,scene16_c_a,liszt,1,,,,
scene15_c_a_choice,3,예술은 신과 소통하는 통로이자 우리의 현실과 연결되어 영향을 주고받는다고 생각해요.,liszt,liszt,"신과 소통하는 통로… 신과 소통하는 통로, 라! 참으로 적절한 말씀입니다. 너무나 정확한 단어로 표현해 주셨네요!",liszt,심취,,,,,scene16_c_a,liszt,2,,,,
scene16_c_a_choice,1,언젠가는 대중이 당신을 따라오게 될 거예요.,liszt,liszt,당신의 말에 리스트의 얼굴에 금방이라도 부서질 듯 엷은 미소가 떠올랐다. ,liszt,씁쓸,,,,,scene16_c_a_a,,,,,,
scene16_c_a_choice,2,연주자의 어쩔 수 없는 숙명이죠.,liszt,liszt,리스트는 애써 미소를 지으며 고개를 끄덕였다. ,liszt,씁쓸,,,,,scene17_c,liszt,-1,,,,
scene16_c_a_choice,3,연주자도 창조를 하는 사람이니 원숭이라고 스스로를 깎아내리지 말아요.,liszt,liszt,리스트는 입꼬리를 끌어올리며 고개를 끄덕였다. 표정에는 묘한 안도와 체념이 섞여 있었다.,liszt,씁쓸,,,,,scene16_c_a_c,liszt,1,,,,
scene17_c_choice,1,어느 쪽이든 빨리 결론이 나기를 바라요. 국내의 불안정이 최소화되었으면 좋겠거든요. ,liszt,liszt,"흐으음, 그런 입장이시군요.",liszt,default,,,,,scene18_c,liszt,-1,,,,
scene17_c_choice,2,"오랜 기간 러시아의 지배를 받아온 폴란드 사람들이 들고일어났으니, 성공하기를 바라요.",liszt,liszt,"상당히 동정적이시군요. 폴란드 사람들은 고결하고 용맹하죠. 러시아에 악감정이 있는 것은 아니지만, 저도 봉기가 성공적이기를 바랍니다.",liszt,default,,,,,scene17_c_b,liszt,1,,,,
scene17_c_choice,3,취지에는 동감하지만 좀 더 평화적인 방법이 있었다면 좋았을 거라 생각하고 있어요. ,liszt,liszt,동의합니다. 어떤 상황에서든 평화적인 해결책이 최우선되어야 인류의 화합이 한 발짝 더 가까워질 테니까요.,liszt,미소,,,,,scene17_c_c,liszt,1,,,,
scene18_c_choice,1,왈츠 한 곡이 이렇게 짧았던가요? 아쉽네요,liszt,liszt,"아쉬우면 한 곡 더 춰 주시겠습니까? 물론 농담이에요, 아름다운 레이디가 또 다른 매력적인 신사와 춤출 기회를 뺏을 생각은 없습니다.",liszt,미소,,,,,scene19_c_a,,,,,,
scene18_c_choice,2,다음 번에는 발을 덜 밟을 수 있도록 기술을 더 연마해 오도록 하세요,,,,,,,,,,scene19_c_b,liszt,1,,,,
scene20_c_choice,1,즐거웠어요,,narrator,당신은 미소를 지으며 펀치 한 잔을 목 너머로 삼킨다. 리스트는 조금 과했지만 과한 재미가 있는 사람이었다.,szymanowska,무도회디폴트,,,,,scene21_c,liszt,1,,,,
scene20_c_choice,2,별 일 없었어요,,narrator,당신은 어깨를 으쓱한다. 특별히 즐거울 것도 없지만 특별히 나쁠 것도 없는 시간이었다.,szymanowska,무도회디폴트,,,,,scene21_c,,,,,,
scene12_d_choice,1,분명 기뻐하실 거예요. 잘 전달해 드리도록 할게요.,mendelssohn,mendelssohn,부인이 선생님 이야기를 몇 번 하신 모양이네요.,mendelssohn,default,,,,,scene13_d_choice,mendelssohn,1,,,,
scene12_d_choice,2,"괴테 '선생님' 이라니, 그 대문호 분을 퍽 친근하게 부르시네요.",mendelssohn,mendelssohn,제가 어릴 적부터 알고 지냈던 분이라서 그렇습니다.,mendelssohn,default,,,,,scene13_d_choice,,,,,,
scene13_d_choice,1,파우스트,mendelssohn,mendelssohn,1부를 읽어보셨군요. 인간의 자유 의지와 구원에 관한 흥미로운 소설이죠. ,mendelssohn,default,,,,,scene14_d_a,liszt,1,,,,
scene13_d_choice,2,젊은 베르테르의 슬픔,mendelssohn,mendelssohn,공전의 히트였죠. 한때 책 속 푸른색 코트와 노란 조끼가 저희 동네에서도 유행했던 기억이 나네요. ,mendelssohn,default,,,,,scene14_d_b,,,,,,
scene13_d_choice,3,안 읽어봤어요,mendelssohn,mendelssohn,그럴 수 있죠. 저도 모든 프랑스 작가들의 책을 다 읽는 건 아니니까요. ,mendelssohn,default,,,,,scene14_d_c,mendelssohn,-1,,,,
scene13_d_choice,4,읽어봤지만 제 취향이 아니더군요,mendelssohn,narrator,당신의 말에 멘델스존이 입꼬리가 올라가는 것을 참으려는 듯 아랫입술을 꽉 깨문다.,mendelssohn,default,,,,,scene14_d_d,mendelssohn,1,,,,
scene14_d_b_choice,1,그렇다기에는 그렇게 말씀하시는 본인도 섬세한 미인 축이신걸요,mendelssohn,mendelssohn,"무, 무슨 말씀을 그렇게… 과분한 칭찬입니다.",mendelssohn,홍조,,,,,scene14_d_b_a,,,,,,
scene14_d_b_choice,2,저도 우울하고 병약한 미인보다는 미소가 아름답고 다정한 미인이 더 취향이라서요,mendelssohn,mendelssohn,취향이 상당히 확고하시네요. 건강한 취향이신 것 같아 다행입니다.,mendelssohn,미소,,,,,scene15_d,mendelssohn,1,,,,
scene14_d_c_choice,1,위고,mendelssohn,mendelssohn,에르나니' 에 이어서 '파리의 노트르담' 으로 큰 성공을 거두었다죠? 흥미로운 작품들이에요.,mendelssohn,default,,,,,scene14_d_c_a,mendelssohn,-1,,,,
scene14_d_c_choice,2,루소,mendelssohn,mendelssohn,"계몽시대의 고전을 제게 추천해 주시는군요. 저도 루소의 저작이라면 몇 권 정도 읽어 보았는데, 베시에르 양의 의견이 궁금하네요. ",mendelssohn,default,,,,,scene14_d_c_b,,,,,,
scene14_d_c_choice,3,발자크,mendelssohn,mendelssohn,그 작가는 처음 들어보는 것 같네요. 어떤 작가인지 궁금한데요?,mendelssohn,default,,,,,scene14_d_c_c,,,,,,
scene14_d_c_choice,4,가장 좋은 작가는 고전 문학 작가들이죠,mendelssohn,mendelssohn,그 말에는 동의할 수밖에 없네요. 고전이라는 것이 괜히 고전인 것이 아니니까요.,mendelssohn,미소,,,,,scene14_d_c_d,mendelssohn,1,,,,
scene14_d_d_choice,1,성공하신 것 같은데요?,mendelssohn,mendelssohn,"과분한 칭찬을 해주시는군요! 베시에르 양, 오늘 처음 만난 사람의 인품을 춤 한 곡으로 평가해서는 안 됩니다.",mendelssohn,웃음,,,,,scene14_d_d_a,,,,,,
scene14_d_d_choice,2,아직 좀 더 갈고닦으셔야겠어요. ,mendelssohn,mendelssohn,당연한 일입니다. 인간이라면 모름지기 언제나 노력해야 하는 법이죠. ,mendelssohn,default,,,,,scene14_d_d_b,mendelssohn,1,,,,
scene15_d_choice,1,잘 받아주신 덕에 괜찮아요. 균형감각이 참 좋으시네요.,mendelssohn,mendelssohn,별말씀을요. 칭찬은 감사히 받겠습니다. ,mendelssohn,default,,,,,scene15_d_e,,,,,,
scene15_d_choice,2,덕분에요. 제가 더 조심했어야 하는데 죄송해요.,mendelssohn,mendelssohn,아닙니다. 누구라도 할 수 있는 실수인걸요.,mendelssohn,젠틀,,,,,scene15_d_e,mendelssohn,1,,,,
scene15_d_a_choice,1,멘델스존 씨와 춤추는 게 이렇게 즐거울 줄은 몰랐네요,mendelssohn,mendelssohn,"춤을 평소 좋아하지 않으시기 때문인가요, 아니면 제가 재미없을 것이라 생각하셨기 때문인가요?",mendelssohn,미소,,,,,scene15_d_a,mendelssohn,1,,,,
scene15_d_a_choice,2,왈츠 한 곡이 이렇게 짧았던가요? 아쉽네요,mendelssohn,mendelssohn,저도 아쉽군요. 또 다른 무도회에서 만나면 그때도 감히 춤을 청해도 괜찮을까요?,mendelssohn,default,,,,,scene16_d,,,,,,
scene16_d_choice,1,즐거웠어요,,,당신은 미소를 지으며 고개를 끄덕인다. 멘델스존은 춤을 잘 추기도 했지만 말도 잘 통하는 상대였다. ,szymanowska,무도회디폴트,,,,,scene17_d,mendelssohn,1,,,,
scene16_d_choice,2,그냥 그랬어요,,,당신은 어깨를 으쓱한다. 특별히 즐거울 것도 없지만 특별히 나쁠 것도 없는 시간이었다.,szymanowska,무도회디폴트,,,,,scene17_d,,,,,,
scenejan_1_choice,1,"아, 윽… 저는 별로… 그렇게 안 궁금한데요.",szymanowska,szymanowska,"이모 봐서 한 번만 같이 가보자, 응?",szymanowska,무도회디폴트,,,,,,,,,,,
scenejan_1_choice,2,저 이미 그거 스포 다 당해서 정말 괜찮은데…,szymanowska,szymanowska,"그으래, 무슨 내용인데? 이것 봐, 말 못 하네.",szymanowska,무도회디폴트,,,,,,,,,,,
scenejan_1_choice,3,사실 이미 다른 사람이랑 보기로 해서…,szymanowska,szymanowska,"어머, 얘가 어디서 거짓말이야. 만날 사람 없는 거 다 아는데.",szymanowska,무도회디폴트,,,,,,,,,,,
scenejan_1_choice,4,음…날도 추운데 그냥 집에 있으면 안 될까요?,szymanowska,szymanowska,그런 애가 매일 도서관 나들이를 가니?,szymanowska,무도회디폴트,,,,,,,,,,,
scenejan_1_choice,5,안 내키는데 이모가 그렇게까지 말씀하신다면 어쩔 수 없이…,szymanowska,szymanowska,갔다가 재미없으면 바로 나오면 되니까 너무 시무룩해 하지 마. 또 재미있을 수도 있잖니?,szymanowska,무도회디폴트,,,,,,,,,,,
scenejan_1_choice,6,다음 이벤트로 스킵 (개발자용),,,,,,,,,,scenejan2_1,,,,,,
scenejan_2_choice,1,굳이 개입하지 않고 오페라를 즐기러 간다.,,narrator,당신은 자리를 뜬다. 멋대로 넘겨짚었다가 괜히 긁어 부스럼이 될 것 같았다.,,,,,,,scenejan_4_b,,,,,,
scenejan_2_choice,2,좀 주제넘은 것 같지만 멘델스존에게 말을 걸어 본다.,,me,멘델스존 씨!,,,,,,,scenejan_3,mendelssohn,1,,,,
scenejan_3_choice,1,"네, 함께 왔는데 부인께서 너무 인기쟁이셔서 인사하고 다니느라 지치네요.",mendelssohn,mendelssohn,인맥이 넓은 분들 옆에 있으면 좀 피곤해지기도 하죠…,mendelssohn,default,,,,,scenejan_4_a,mendelssohn,1,,,,
scenejan_3_choice,2,…괜찮아요?,mendelssohn,mendelssohn,지금은 그냥…적당히 장단 좀 맞춰주세요. 부탁드립니다.,mendelssohn,default,,,,,scenejan_4_a,,,,,,
scenejan_4_a_choice,1,난 그 사람 마음에 안 들어요. 어딘가 간사하게 생겼어요. ,mendelssohn,mendelssohn,아하하! 간사하게 생겼다고요. 그럼 마이어베어와 닮았다는 소리를 자주 듣는 저도 간사하게 생겼다 생각하시나요?,mendelssohn,default,,,,,scenejan_5_a,mendelssohn,1,,,,
scenejan_4_a_choice,2,난 그 사람 마음에 안 들어요. 돈으로 모든 걸 해결하려고 하는 것 같아요.,mendelssohn,mendelssohn,그런 소문이 있긴 했죠. 사실이라면 결코 명예로운 일은 못 될 테고요.,mendelssohn,default,,,,,scenejan_5_b,mendelssohn,2,,,,
scenejan_4_a_choice,3,인심이 좋은 사람이네요. 좀 과해 보이긴 해도.,mendelssohn,mendelssohn,예…그렇죠. 붙임성도 좋고 머리도 잘 돌아가는 분이시죠.,mendelssohn,default,,,,,scenejan_5_c,,,,,,
scenejan_4_a_choice,4,"친척이었군요, 어쩐지 멘델스존 씨와 좀 닮았다 했어요.",mendelssohn,mendelssohn,…하아. 또 그 소리를 듣네요. 내가 진짜 콱 머리를 밀어버리든가 해야지…,mendelssohn,default,,,,,scenejan_5_d,,,,,,
scenejan_5_b_choice,1,잘 지내보고 싶나보죠 뭐.,mendelssohn,mendelssohn,역시 그러려나요. 내가 너무 꼬인 걸지도 모르겠네요…,mendelssohn,default,,,,,scenejan_6_b,mendelssohn,-2,,,,
scenejan_5_b_choice,2,"글쎄요, 그래도 불편하면 굳이 안 친하게 지내도 될 것 같은데요.",mendelssohn,mendelssohn,"음, 그렇게 말해줘서 고마워요. 그런 이야기 해주는 사람은 처음이네요. 다들 그래도 잘 지내보랬거든요.",mendelssohn,default,,,,,scenejan_6_b,,,,,,
scenejan_6_b_choice,1,그러는 멘델스존 씨는? 숙녀에게 한 마디쯤 져주셔야 예의죠.,mendelssohn,mendelssohn,이렇게 뛰어난 위트를 가진 분과의 대화에서 일부러 한 발 물러나는 것이야말로 즐거운 대화에 대한 무례 아니겠어요.,mendelssohn,default,,,,,scenejan_7_b,mendelssohn,1,,,,
scenejan_6_b_choice,2,지는 사람 잘못이죠. 세상에 지고 싶어하는 사람이 있나요?,mendelssohn,,,mendelssohn,default,,,,,scenejan_8_b,mendelssohn,1,,,,
scenejan_6_b_choice,3,그래서 불편하셨나요?,mendelssohn,mendelssohn,"아뇨, 아뇨. 그럴 리가요. 즐거웠습니다.",mendelssohn,default,,,,,scenejan_8_b,,,,,,
scenejan_6_b_choice,4,불편하셨다면 사과드려요. ,mendelssohn,mendelssohn,"아뇨, 아뇨. 사과하실 필요 없습니다. 즐거웠습니다.",mendelssohn,default,,,,,scenejan_10_b,,,,,,
scenejan_8_b_choice,1,겸손하지 못하다는 걸 알 정도로는 겸손하답니다.,mendelssohn,,,mendelssohn,default,,,,,scenejan_9_b,mendelssohn,1,,,,
scenejan_8_b_choice,2,겸손할 필요가 없을 때의 오만은 정당화된 자신감이죠.,mendelssohn,,,mendelssohn,default,,,,,scenejan_9_b,,,,,,
scenejan_10_b_choice,1,생각이 다른 사람과 대화하는 건 언제나 즐겁거든요.,mendelssohn,,멘델스존의 눈이 조금 놀란 듯 커진다. 전혀 에상치 못했던 건지 그의 답이 반 박자 늦었다. ,mendelssohn,default,,,,,scenejan_11_b,mendelssohn,2,,,,
scenejan_10_b_choice,2,멘델스존 씨라면 저를 이기실지도 모르겠다는 생각이 들거든요.,mendelssohn,mendelssohn,"마음에도 없는 소리를 하는 건 현명하지 않습니다, 베시에르 양. ",mendelssohn,default,,,,,scenejan_12_b,mendelssohn,1,,,,
scenejan_10_b_choice,3,말싸움에서 이기는 건 늘 즐겁거든요.,mendelssohn,,멘델스존이 장난스레 눈을 흘겼다.,mendelssohn,default,,,,,scenejan_13_b,mendelssohn,-1,,,,
scenejan_14_b_choice,1,부탁드려요.,mendelssohn,,멘델스존은 고개를 끄덕이고 당신에게 팔을 내민다.,mendelssohn,default,,,,,scenejan_15_b,,,,,,
scenejan_14_b_choice,2,"아뇨, 시간이 남았으니 수다나 좀 더 떨죠.",mendelssohn,me,"그런데, '크게 손해를 볼 정도로 잘 만든 오페라는 아니' 라니, 그 말은 무슨 의미인가요? ",mendelssohn,default,,,,,scenejan_16_b,mendelssohn,1,,,,
scenejan_16_b_choice,1,"강요가 아니라면, 설득을 하실 생각이신가 보네요?",mendelssohn,mendelssohn,"네, 저 나름의 방식으로… 제 설득이 먹히지 않더라도 노력은 해 보고 싶어서요.",mendelssohn,default,,,,,scenejan_17_b,mendelssohn,2,,,,
scenejan_16_b_choice,2,그렇게 확고한 입장을 갖고서도 강요하지 않으신다니 너그러우시네요.,mendelssohn,mendelssohn,문득 '내가 오만했구나' 깨닫는 순간들이 있거든요. 가장 주의해야 하는 죄악이죠.,mendelssohn,default,,,,,scenejan_18_b,mendelssohn,1,,,,
scenejan_16_b_choice,3,조금은 더 열린 마음을 가져 보지 그래요?,mendelssohn,mendelssohn,노력하고 있습니다. 그러다가 제 기준을 타협하지 않도록 주의해야겠지만요.,mendelssohn,default,,,,,scenejan_19_b,mendelssohn,-1,,,,
scenejan_19_b_choice,1,칭찬이에요. 요즘 그런 사람 드물거든요.,mendelssohn,mendelssohn,그런 면에서 보자면 저는 시대에 뒤떨어지는 사람일지도 모르겠군요.,mendelssohn,default,,,,,scenejan_20_b,mendelssohn,1,,,,
scenejan_19_b_choice,2,비난이에요. 너무 꼿꼿한 나뭇가지는 쉽게 부러지는 법이죠.,mendelssohn,mendelssohn,진심 어린 쓴소리 해주시는 것으로 받아들이겠습니다.,mendelssohn,default,,,,,scenejan_22_b,,,,,,
scenejan_22_b_choice,1,... 어딜 봐서요?,mendelssohn,,,mendelssohn,default,,,,,,,,,,,
scenejan_22_b_choice,2,그렇지 않아요.,mendelssohn,,,mendelssohn,default,,,,,,,,,,,
scenejan_22_b_choice,3,처음 들어보는 말이에요.,mendelssohn,,,mendelssohn,default,,,,,,,,,,,
scenejan_22_b_choice,4,고마워요.,mendelssohn,,,mendelssohn,default,,,,,,mendelssohn,1,,,,
scenejan_23_b_choice,1,정말 괜찮았어요. 오히려 즐거웠는걸요.,mendelssohn,,,mendelssohn,default,,,,,,mendelssohn,1,,,,
scenejan_23_b_choice,2,"뭐, 놓쳐도 별로 손해보지 않는 오페라라면서요? 느긋하게 가죠.",mendelssohn,,,mendelssohn,default,,,,,,mendelssohn,1,,,,
scenejan_23_b_choice,3,"사과, 받아드리죠.",mendelssohn,,,mendelssohn,default,,,,,,,,,,,
scenejan_5_c_choice,1,"흐음, 그런 걸로 하죠.",mendelssohn,mendelssohn,그런 걸로 하죠' 가 아니라 '그런 거' 라니까요.,mendelssohn,default,,,,,,mendelssohn,1,,,,
scenejan_5_c_choice,2,아닌데-싫어하는 게 딱 보이는데요.,mendelssohn,mendelssohn,절대 착각입니다.,mendelssohn,default,,,,,,,,,,,
scenejan_6_c_choice,1,왜요?,mendelssohn,mendelssohn,…이 오페라만 봐도 제가 그 사람을 좋아할 이유라고는 도무지 보이지 않네요.,mendelssohn,default,,,,,,,,,,,
scenejan_6_c_choice,2,네.,mendelssohn,,,mendelssohn,default,,,,,,mendelssohn,1,,,,
scenejan_7_c_choice,1,조금은 더 열린 마음을 가져 보지 그래요?,mendelssohn,mendelssohn,노력하고 있습니다. 그러다가 제 기준을 타협하지 않도록 주의해야겠지만요.,mendelssohn,default,,,,,scenejan_10_c,mendelssohn,-1,,,,
scenejan_7_c_choice,2,"강요가 아니라면, 설득을 하실 생각이신가 보네요?",mendelssohn,mendelssohn,"네, 저 나름의 방식으로… 제 설득이 먹히지 않더라도 노력은 해 보고 싶어서요.",mendelssohn,default,,,,,scenejan_8_c,mendelssohn,2,,,,
scenejan_7_c_choice,3,그렇게 확고한 입장을 갖고서도 강요하지 않으신다니 너그러우시네요.,mendelssohn,mendelssohn,문득 '내가 오만했구나' 깨닫는 순간들이 있거든요. 가장 주의해야 하는 죄악이죠.,mendelssohn,default,,,,,scenejan_9_c,mendelssohn,1,,,,
scenejan_10_c_choice,1,칭찬이에요. 요즘 그런 사람 드물거든요.,mendelssohn,mendelssohn,그런 면에서 보자면 저는 시대에 뒤떨어지는 사람일지도 모르겠군요.,mendelssohn,default,,,,,scenejan_11_c,mendelssohn,1,,,,
scenejan_10_c_choice,2,비난이에요. 너무 꼿꼿한 나뭇가지는 쉽게 부러지는 법이죠.,mendelssohn,mendelssohn,진심 어린 걱정 해주시는 것으로 받아들이겠습니다.,mendelssohn,default,,,,,scenejan_12_c,,,,,,
scenejan_13_c_choice,1, ... 어딜 봐서요?,mendelssohn,,,mendelssohn,default,,,,,,,,,,,
scenejan_13_c_choice,2,그렇지 않아요.,mendelssohn,,,mendelssohn,default,,,,,,,,,,,
scenejan_13_c_choice,3,처음 들어보는 말이에요.,mendelssohn,,,mendelssohn,default,,,,,,,,,,,
scenejan_13_c_choice,4,고마워요.,mendelssohn,,,mendelssohn,default,,,,,,mendelssohn,1,,,,
scenejan_14_c_choice,1,수다를 좀 더 떨지 않으실래요?,mendelssohn,mendelssohn,지금 들어가셔야 시작 부분부터 보실 수 있으실 겁니다. 시마노프스카 부인께서도 기다리고 계실 테고요.,mendelssohn,default,,,,,,mendelssohn,1,,,,
scenejan_14_c_choice,2,그러죠. 기쁜 마음으로.,mendelssohn,,,mendelssohn,default,,,,,scenejan_16_c,,,,,,
scenejan_6_d_choice,1,사람들의 행동을 관찰한다,,,,,,,,,,scenejan_7_d,,,,,,
scenejan_6_d_choice,2,아는 사람을 찾아본다,,,,,,,,,,scenejan_8_d,,,,,,
scenejan_8_d_choice,1,네?,szymanowska,,,szymanowska,무도회디폴트,,,,,scenejan_9_d,,,,,,
scenejan_8_d_choice,2,오래 사귀었나 봐요?,szymanowska,,,szymanowska,무도회디폴트,,,,,scenejan_9_d,,,,,,
scenejan_9_d_choice,1,어쩐지 심사가 복잡했다.,,,,,,,,,,scenejan_4,liszt,1,,,,
scenejan_9_d_choice,2,별로 놀랍지는 않았다.,,,,,,,,,,scenejan_4,liszt,-1,,,,
scenejan_9_d_choice,3,상관없다고 생각했다.,,,,,,,,,,scenejan_4,,,,,,
scenejan_4_choice,1,반가워요.,szymanowska,szymanowska,"예의를 챙겨주셔야죠, 리스트 씨.",liszt,default,szymanowska,default,,,scenejan_5_e,liszt,1,,,,
scenejan_4_choice,2,신기한 예법을 보여주시네요.,liszt,liszt,예술가들에게는 예술가들에게만 통용되는 예의가 있으니까요.,liszt,default,szymanowska,default,,,scenejan_5_f,,,,,,
scenejan_6_choice,1,자유' 를 중시하는 우리 신세대의 일원이신 거라고 해 둘까요?,liszt,,,liszt,default,szymanowska,default,,,,liszt,1,,,,
scenejan_6_choice,2,"어쩔 수 없죠, 보헤미안이시니.",liszt,,,liszt,default,szymanowska,default,,,,,,,,,
scenejan_7_choice,1,마음대로 하세요.,liszt,,"리스트는 감사의 뜻을 표하고 시가 끄트머리를 자른 뒤, 몸을 숙여 문 시가에 불을 붙인다.",liszt,default,szymanowska,default,,,scenejan_15,,,,,,
scenejan_7_choice,2,잘라드릴까요?,liszt,,,liszt,default,szymanowska,default,,,scenejan_8_choice,liszt,1,,,,
scenejan_7_choice,3,저도 한 대 주세요.,liszt,,,liszt,default,szymanowska,default,,,scenejan_12,,,,,,
scenejan_8_choice,1,그건 아니지만 한 번 해보고 싶었어서요.,liszt,liszt,"해보세요, 다 경험이죠.",liszt,default,szymanowska,default,,,scenejan_9,,,,,,
scenejan_8_choice,2,가끔 아버지 것을 잘라드렸죠.,liszt,liszt,그렇군요. 하면 부탁드리겠습니다.,liszt,default,szymanowska,default,,,scenejan_10,,,,,,
scenejan_8_choice,3,제가 피워서요.,liszt,liszt,하하하! ,liszt,default,szymanowska,default,,,scenejan_11,,,,,,
scenejan_12_choice,1,안 피워 봤는데 그냥 한 번 해 보고 싶어서요.,liszt,,,liszt,default,szymanowska,default,,,scenejan_13,,,,,,
scenejan_12_choice,2,좀 됐어요. ,liszt,,,liszt,default,szymanowska,default,,,scenejan_14,,,,,,
scenejan_15_choice,1,거대한 규모가 압도적이더군요. 무척 인상깊었습니다.,liszt,,,liszt,default,szymanowska,default,,,scenejan_16,liszt,1,mendelssohn,-1,,
scenejan_15_choice,2,오케스트레이션이 매력적이더군요. 여러 가지로 혁신적이네요.,liszt,,,liszt,default,szymanowska,default,,,scenejan_16,liszt,1,mendelssohn,-1,,
scenejan_15_choice,3,환상적인 소재를 사용했더군요. 비현실성이 고개를 갸우뚱하게 했습니다.,liszt,,,liszt,default,szymanowska,default,,,scenejan_17,mendelssohn,1,,,,
scenejan_15_choice,4,이 오페라에서 무엇을 배울 수 있을지 모르겠네요. 제게는 맞지 않나 봅니다.,liszt,,,liszt,default,szymanowska,default,,,scenejan_18,liszt,-1,mendelsohn,1,,
scenejan_19_choice,1,이모의 취향은 비난받아 마땅한 게 맞아요…,liszt,,,liszt,default,szymanowska,default,,,scenejan_20,liszt,1,,,,
scenejan_19_choice,2,사람마다 취향이 다르니까요. 둘이 입장 차이가 있는 것뿐이죠.,liszt,,,liszt,default,szymanowska,default,,,scenejan_22,,,,,,
scenejan_22_choice,1,남에게 자비를 베풀지 않고서 어찌 자비를 바랄 수 있겠나요.,liszt,,,liszt,default,szymanowska,default,,,scenejan_23,liszt,1,mendelssohn,-1,,
scenejan_22_choice,2,자비는 주는 자와 받는 자를 함께 축복하니 이중의 축복이죠.,liszt,,,liszt,default,szymanowska,default,,,scenejan_23,liszt,1,,,,
scenejan_21_choice,1,똑같이 윙크한다,szymanowska,szymanowska,에투아르.,liszt,default,szymanowska,default,,,scenejan_24,liszt,1,,,,
scenejan_21_choice,2,부채를 펼쳐 그의 시선을 막는다,liszt,,당신의 부채 레이스 너머로 씨익 미소짓는 리스트가 보였다.,liszt,default,szymanowska,default,,,scenejan_25,,,,,,
scenejan_25_choice,1,반박한다,liszt,,,liszt,default,szymanowska,default,,,scenejan_26,mendelssohn,1,,,,
scenejan_25_choice,2,동의한다,liszt,,,liszt,default,szymanowska,default,,,scenejan_28,liszt,1,,,,
scenejan_26_choice,1,"어머, 자신없으세요?",szymanowska,szymanowska,에투아르…,liszt,default,szymanowska,default,,,scenejan_27,liszt,-1,,,,
scenejan_26_choice,2,"글쎄, 그럴 리가 있을까요?",szymanowska,szymanowska,에투아르…,liszt,default,szymanowska,default,,,scenejan_27,liszt,1,,,,
scenejan_26_choice,3,…,szymanowska,szymanowska,리스트 씨.,liszt,default,szymanowska,default,,,scenejan_27,liszt,-1,,,,
scenejan_30_choice,1,별 말 안 했어요,szymanowska,szymanowska,"에투아르, 이모는… 네가 거짓말 할 때 다 안다.",szymanowska,default,,,,,scenejan_31,mendelssohn,-1,,,,
scenejan_30_choice,2,다음번에는 이모 없이 둘이서 보자던데요,szymanowska,szymanowska,시마노프스카의 부채 쥔 손에 힘이 들어간다. 금방이라도 부채를 망가뜨릴 것 같은 기세였다.,szymanowska,default,,,,,scenejan_31,,,,,,
scenejan_32_choice,1,어쩌면 결혼을 하지 않는 것도 나쁘지 않겠다는 생각이 들었다.,,,,,,,,,,,liszt,1,,,,
scenejan_32_choice,2,"서로에게 헌신하는 낭만적인 결혼은 정말 없는 걸까, 아쉬운 마음이 들었다.",,,,,,,,,,,mendelssohn,1,,,,
scenejan_33_choice,1,그가 원하는 대로 노골적으로 감상해 준다.,liszt,,,liszt,default,,,,,scenejan_34,liszt,1,,,,
scenejan_33_choice,2,부담스러우니 고개를 홱 돌린다.,liszt,,,liszt,default,,,,,scenejan_35,,,,,,
scenejan_34_choice,1,당신은 그의 초대에 기꺼이 응할 것이다.,liszt,,,liszt,default,,,,,scenejan_36,liszt,1,,,,
scenejan_34_choice,2,당신은 그에게 정중한 거절의 의사를 표할 것이다.,liszt,,,liszt,default,,,,,scenejan_36,mendelssohn,1,,,,
scenejan_36_choice,1,당연하지. 계속 멘델스존을 지켜본다,mendelssohn,,,mendelssohn,default,,,,,scenejan_37,mendelssohn,1,,,,
scenejan_36_choice,2,아닐 수도. 고개를 돌린다.,mendelssohn,,,mendelssohn,default,,,,,scenejan_41,,,,,,
scenejan_37_choice,1,당신은 씩 미소지었다.,mendelssohn,,,mendelssohn,default,,,,,scenejan_38,,,,,,
scenejan_37_choice,2,당신은 손을 흔들었다.,mendelssohn,,,mendelssohn,default,,,,,scenejan_39,mendelssohn,1,,,,
scenejan_41_choice,1,집에 가요,szymanowska,szymanowska,"그래, 얼른 가자. 이모 피곤하다.",,,,,,,scenejan_42,,,,,,
scenejan_41_choice,2,마저 보고 갈게요,szymanowska,szymanowska,"알겠어. 다 보자마자 마차 불러서 집으로 와야 해, 알았지?",,,,,,,scenejan_43,,,,,,
scenejan_43_choice,1,좋아요,liszt,,,liszt,,,,,,scenejan_44,liszt,1,,,,
scenejan_43_choice,2,그건 곤란해요,liszt,,,liszt,,,,,,scenejan_45,,,,,,
scenejan_46_choice,1,그렇게까지 폐를 끼칠 수는 없죠.,mendelssohn,,,mendelssohn,,,,,,scenejan_47,mendelssohn,1,,,,
scenejan_46_choice,2,배려 감사합니다. 부탁드리죠.,mendelssohn,,,mendelssohn,,,,,,scenejan_48,,,,,,
scenejan2_1_choice,1,팔레 루아얄에 가기로 결심한다,,,,,,,,,,scenejan2_2,,,,,,
scenejan2_1_choice,2,호기심을 버린다,,,,,,,,,,scenejan2_200,,,,,,
scenejan2_1_choice,3,다음 이벤트로 스킵 (개발자용),,,,,,,,,,scenefeb_ending,,,,,,
scenejan2_2_choice,1,멘델스존의 초대를 받아들인다,,,"음, 아주 좋은 기회였다! 당신은 잉크와 펜을 가져와서 빠르게 답장을 대충 써 보낸다.",,,,,,,,mendelssohn,1,,,,
scenejan2_2_choice,2,멘델스존의 초대를 거절한다,,,,,,,,,,scenejan2_5,mendelssohn,-1,,,,"set palaisroyaleentry as ""refused"""
scenejan2_3_choice,1,입을 꾹 닫고 필요한 말만 한다,,,당신의 불편한 침묵을 느꼈는지 멘델스존도 가시방석인 듯했다. 그는 당신의 몫까지 능란하게 대화를 주도하며 분위기를 띄우려고 애썼다.,mendelssohn,default,,,,,,mendelssohn,-1,,,,
scenejan2_3_choice,2,최대한 사근사근하게 응대한다,,,…그래도 기가 빨리는 것은 어쩔 수 없었다.,mendelssohn,default,,,,,,mendelssohn,1,,,,
scenejan2_4_choice,1,멘델스존에게 팔레 루아얄에 같이 가보자고 한다,,,,mendelssohn,default,,,,,scenejan2_6,mendelssohn,-1,,,,"set palaisroyaleentry as ""suggested"""
scenejan2_4_choice,2,멘델스존 몰래 탈주한다,,,,mendelssohn,default,,,,,scenejan2_7,mendelssohn,-2,,,,"set palaisroyaleentry as ""runaway"""
scenejan2_4_choice,3,그냥 남아 있는다,,,,mendelssohn,default,,,,,scenejan2_8,mendelssohn,1,,,,
scenejan2_8_choice,1,아무거나 부탁드려요,,,"나름 최선을 다해서 상냥하게 이야기한 것이었는데, 짜증이 묻어나온 모양이었다.",mendelssohn,default,,,,,scenejan2_800,mendelssohn,1,,,,
scenejan2_8_choice,2,음식이 문제가 아니에요,,,,mendelssohn,default,,,,,scenejan2_800,mendelssohn,-1,,,,
scenejan2_800_choice,1,괜찮아요,,,,mendelssohn,default,,,,,scenejan2_9,mendelssohn,1,,,,
scenejan2_800_choice,2,책임지고 나를 즐겁게 해봐요,,,,mendelssohn,default,,,,,scenejan2_9,,,,,,
scenejan2_9_choice,1,"날 어떻게 어떻게 해보려는 거죠, 이 파렴치한!",mendelssohn,mendelssohn,네? 아니에요! 좀 그래 보이긴 하지만 진짜 아니라고요!,mendelssohn,default,,,,,,mendelssohn,-1,,,,
scenejan2_9_choice,2,"무섭게 왜 이래요, 나 오늘 여기 생매장당하는 거예요?",mendelssohn,mendelssohn,저를 뭘로 보고 그러시는 거예요… 농담이 지나치세요. 털끝 하나도 손 안 대요.,mendelssohn,default,,,,,,mendelssohn,-1,,,,
scenejan2_9_choice,3,"여기는 왜 온 거예요, 진짜로?",,,,mendelssohn,default,,,,,,,,,,,
scenejan2_10_choice,1,왜 조용한 곳을 찾았어요?,mendelssohn,mendelssohn,제가 살던 곳은 파리보다 훨씬 조용했거든요. 그래서 사람들에 둘러싸여 있는 게 기가 빨릴 때면 조용한 곳으로 숨고 싶어서요.,mendelssohn,default,,,,,,mendelssohn,1,,,,
scenejan2_10_choice,2,여기 자주 왔어요?,mendelssohn,mendelssohn,가끔요. 하늘이 맑고 기분이 내킬 때요.,mendelssohn,default,,,,,,,,,,,
scenejan2_11_choice,1,별이요?,,,,mendelssohn,default,,,,,scenejan2_13,,,,,,
scenejan2_11_choice,2,내 이름이요?,,,,mendelssohn,default,,,,,scenejan2_12,mendelssohn,1,,,,
scenejan2_13_choice,1,내가 가르쳐 줄게요,,,,mendelssohn,default,,,,,scenejan2_14,mendelssohn,1,,,,
scenejan2_13_choice,2,멘델스존 씨는 배는 타면 안 되겠어요,,,,mendelssohn,default,,,,,scenejan2_15,,,,,,
scenejan2_15_choice,1,잘 어울리네요. 살림도 잘 할 것 같아요.,mendelssohn,mendelssohn,배우면 잘 할 자신은 있어요.,mendelssohn,default,,,,,,mendelssohn,1,,,,
scenejan2_15_choice,2,자기가 오매불망 한 사람만 바라보는 순정남이라고 주장하는 거예요?,mendelssohn,mendelssohn,아니 무슨…! 아니거든요. 순정이라기보다는 신의를 지키는 그런 사람이란 뜻이죠.,mendelssohn,default,,,,,,,,,,,
scenejan2_15_choice,3,당신 같은 부인이 집에 있으면 뱃사람들이 배를 안 타죠.,mendelssohn,mendelssohn,"못하는 말이 정말 없으세요, 베시에르 양…",mendelssohn,default,,,,,,mendelssohn,1,,,,
scenejan2_16_choice,1,좋다.,mendelssohn,mendelssohn,"맞아요, 좋아요.",mendelssohn,default,,,,,,,,,,,
scenejan2_16_choice,2,...,mendelssohn,mendelssohn,"당신도, 멘델스존도 아무 말 없이 침묵 속에서 하늘을 바라본다.",mendelssohn,default,,,,,,mendelssohn,1,,,,
scenejan2_17_choice,1,그래도 무도회는 정말 별로였어요,,,,mendelssohn,default,,,,,,mendelssohn,1,,,,
scenejan2_17_choice,2,무도회? 내가 오늘 무도회를 다녀왔던가요?,,,,mendelssohn,default,,,,,,,,,,,
scenejan2_20_choice,1,무도회장을 구경한다,,,,,,,,,,,,,,,,
scenejan2_21_choice,1,"네, 네… 맞아요. 죄송해요, 표를 샀는데 잃어버려서…",,,,liszt,default,,,,,scenejan2_22,,,,,,
scenejan2_21_choice,2,왜 이렇게 늦게 왔어? 못 들어갈 뻔했잖아!,,,,liszt,default,,,,,scenejan2_23,liszt,1,,,,
scenejan2_23_choice,1,"괜찮아, 오히려 내가 고맙지",liszt,liszt,레이디가 곤경에 처한 걸 가만 두고 보고 있을 수는 없잖아.,liszt,default,,,,,scenejan2_25,liszt,1,,,,
scenejan2_23_choice,2,내가 누군지는 알고서 도와주는 거야??,,,,liszt,default,,,,,scenejan2_24,,,,,,
scenejan2_25_choice,1,싫은데,,,,liszt,default,,,,,scenejan2_26,,,,,,
scenejan2_25_choice,2,그러면 당신이 안내해 주면 되지?,,,,liszt,default,,,,,scenejan2_26,liszt,1,,,,
scenejan2_25_choice,3,걱정해 주는 거야?,,,,liszt,default,,,,,scenejan2_27,liszt,1,,,,
scenejan2_28_choice,1,유부녀야?,,,,liszt,default,,,,,scenejan2_29,,,,,,
scenejan2_28_choice,2,어떤 여자야?,,,,liszt,default,,,,,scenejan2_30,liszt,1,,,,
scenejan2_28_choice,3,그 여자랑은 오래 알고 지낸 사이?,,,,liszt,default,,,,,scenejan2_31,,,,,,
scenejan2_32_choice,1,됐어,liszt,liszt,싫어? 안됐네. 알려주고 싶어졌어. 하인리히야.,liszt,default,,,,,scenejan2_33,,,,,,
scenejan2_32_choice,2,알려줘,liszt,liszt,하인리히라고 불러.,liszt,default,,,,,scenejan2_33,liszt,1,,,,
scenejan2_34_choice,1,다들 그럴 때가 있지,,,,liszt,default,,,,,,,,,,,
scenejan2_34_choice,2,비밀 잘 지켜줄게,,,,liszt,default,,,,,,,,,,,
scenejan2_34_choice,3,더 해도 돼,,,,liszt,default,,,,,,liszt,1,,,,
scenejan2_35_choice,1,금방이라도 눈물을 터뜨릴 것 같아,,,,liszt,default,,,,,,liszt,1,,,,
scenejan2_35_choice,2,많이 지친 것 같아 보여,,,,liszt,default,,,,,,,,,,,
scenejan2_35_choice,3,희망을 놓지 않으려 애쓰는 것 같아,,,,liszt,default,,,,,,,,,,,
scenejan2_36_choice,1,"됐어, 흥미 없어",,,,liszt,default,,,,,scenejan2_37,,,,,,set mld as 0
scenejan2_36_choice,2,좋아,,,,liszt,default,,,,,scenejan2_38,liszt,1,,,,
scenejan2_38_choice,1,궁금했어,liszt,liszt,그럴 것 같았어. 따분한 일상을 살다 보면 이런 데가 끌리지.,liszt,default,,,,,,,,,,,
scenejan2_38_choice,2,당신 같은 남자를 만날까 기대했지,,,,liszt,default,,,,,scenejan2_39,,,,,,
scenejan2_38_choice,3,"모르겠어, 내가 미쳤었나 봐",,,,liszt,default,,,,,scenejan2_40,liszt,2,,,,
scenejan2_41_choice,1,4,,,,liszt,default,,,,,scenejan2_42,liszt,1,,,,set bet as 4
scenejan2_41_choice,2,7,,,,liszt,default,,,,,scenejan2_43,liszt,-1,,,,set bet as 7
scenejan2_41_choice,3,9,,,,liszt,default,,,,,scenejan2_44,,,,,,set bet as 9
scenejan2_41_choice,4,5,,,,,,,,,,scenejan2_42_2,,,,,,set bet as 5
scenejan2_41_choice,5,6,,,,,,,,,,scenejan2_43_2,,,,,,set bet as 6
scenejan2_41_choice,6,10,,,,,,,,,,scenejan2_44_2,,,,,,set bet as 10
scenejan2_45_choice,1,말도 안 되는 소리,,,,liszt,default,,,,,scenejan2_46,liszt,-1,,,,set diceblow as 0
scenejan2_45_choice,2,줘 봐,,,,liszt,default,,,,,scenejan2_46_1,liszt,1,,,,set diceblow as 1
scenejan2_46_choice,1,괜히 잘 알지도 못하면서 거기다가 베팅하라고 해서 미안해,,,,liszt,default,,,,,scenejan2_49,liszt,1,,,,
scenejan2_47_choice,2,운이 없었네,,,,liszt,default,,,,,scenejan2_49,,,,,,
scenejan2_47_choice,1,괜히 잘 알지도 못하면서 거기다가 베팅하라고 해서 미안해,,,,liszt,default,,,,,scenejan2_49,liszt,1,,,,
scenejan2_46_choice,2,운이 없었네,,,,liszt,default,,,,,scenejan2_49,,,,,,
scenejan2_50_choice,1,리스트와 함께 도망친다,,,,liszt,default,,,,,scenejan2_52,liszt,2,,,,
scenejan2_50_choice,2,오른쪽 출구로 도망친다,,,,liszt,default,,,,,scenejan2_51,,,,,,
scenejan2_52_choice,1,당신도 벗는다,,,,liszt,default,,,,,scenejan2_53,liszt,1,,,,set mld as 1
scenejan2_52_choice,2,벗지 않는다,,,,liszt,default,,,,,scenejan2_54,,,,,,set mld as 2
scenejan2_51_choice,1,혼자서 어떻게든 해 본다,,,,,,,,,,scenejan2_99,,,,,,
scenejan2_51_choice,2,멘델스존에게 도움을 요청한다,,,,,,,,,,scenejan2_56,mendelssohn,1,,,,
scenejan2_56_choice,1,신원을 밝힌다,,,,mendelssohn,default,,,,,scenejan2_57,mendelssohn,1,,,,
scenejan2_56_choice,2,신원을 밝히지 않는다,,,,mendelssohn,default,,,,,scenejan2_78,,,,,,
scenejan2_57_choice,1,가르치려고 들지 말아요,,,,mendelssohn,default,,,,,scenejan2_57_1,mendelssohn,-1,,,,
scenejan2_57_choice,2,알고 한 거예요,,,,mendelssohn,default,,,,,scenejan2_57_1,,,,,,
scenejan2_57_choice,3,이 정도로 위험할 줄은 몰랐죠,,,,mendelssohn,default,,,,,scenejan2_57_1,mendelssohn,1,,,,
scenejan2_58_choice,1,듣지 마요,,,,mendelssohn,default,,,,,scenejan2_59,,,,,,
scenejan2_58_choice,2,뭐라는 거야 뇌 빠진 새끼들이,,,,mendelssohn,default,,,,,scenejan2_60,mendelssohn,1,,,,
scenejan2_58_choice,3,당신 안 더러워요,,,,mendelssohn,default,,,,,scenejan2_61,,,,,,
scenejan2_58_choice,4,당신 유대인 아닌 거 알아요,,,,mendelssohn,default,,,,,scenejan2_62,mendelssohn,2,,,,
scenejan2_58_choice,5,반응하지 않는다,,,,mendelssohn,default,,,,,scenejan2_63,mendelssohn,-1,,,,
scenejan2_63_choice,1,굳어버린다,,,"당신이 굳어 있는 사이,",mendelssohn,default,,,,,,,,,,,
scenejan2_63_choice,2,받아친다,,me,난 잘 놀다 왔죠. 당신은…술냄새가 나네? 당신 취했어?!,mendelssohn,default,,,,,,mendelssohn,1,,,,
scenejan2_64_choice,1,싫지 않아요. 당신이 몰래 따라오기를 기대했는데 안 오더라구.,mendelssohn,mendelssohn,정말로? 그럼 이래도 돼?,mendelssohn,default,,,,,scenejan2_66,,,,,,
scenejan2_64_choice,2,"이래서 싫은 거예요, 이래서!",,me,당신이 껌딱지처럼 달라붙잖아. 민망하게 뭐하는 짓이에요!,mendelssohn,default,,,,,scenejan2_65,,,,,,
scenejan2_66_choice,1,이만하면 분이 풀렸다,,,,mendelssohn,default,,,,,scenejan2_67,mendelssohn,1,,,,
scenejan2_66_choice,2,분이 풀리지 않았다,,,,mendelssohn,default,,,,,scenejan2_68,,,,,,
scenejan2_69_choice,1,보기보다 연기에 소질 있네요?,mendelssohn,mendelssohn,"아아, 제발 이러지 마요… 부끄러워 죽겠어요.",mendelssohn,default,,,,,scenejan2_72,,,,,,
scenejan2_69_choice,2,"이제 와서 부끄러워요, ‘여보’?",,,,mendelssohn,default,,,,,scenejan2_70,,,,,,
scenejan2_69_choice,3,괜찮아요,,,,mendelssohn,default,,,,,scenejan2_71,mendelssohn,1,,,,
scenejan2_72_choice,1,아-완전 샤프롱 같은 소리 좀 그만해요! 이따가 또 들을 이야기라고요,,,,mendelssohn,default,,,,,scenejan2_73,mendelssohn,-1,,,,
scenejan2_72_choice,2,"싫어요, 나 하고 싶은 대로 할 거예요. 당신 말마따나 난 혼자서 잘 해요",,,,mendelssohn,default,,,,,scenejan2_74,,,,,,
scenejan2_72_choice,3,"알겠어요, 앞으로는 좀 더 조심할게요…",mendelssohn,mendelssohn,"그래요. 아무리 베시에르 양이 프랑스 사람이라서 저보다 더 잘 안다고 하셔도, 이번 일은 정말 위험했어요.",mendelssohn,default,,,,,,mendelssohn,1,,,,
scenejan2_72_choice,4,그렇게 걱정되면 멘델스존 씨가 나랑 붙어다니면서 지켜주면 되겠네요,,,,mendelssohn,default,,,,,scenejan2_75,mendelssohn,1,,,,
scenejan2_76_choice,1,고마워요,,,,mendelssohn,default,,,,,scenejan2_77,,,,,,
scenejan2_76_choice,2,"정말 멘델스존 씨 뿐이에요, 사랑해요!",,,,mendelssohn,default,,,,,scenejan2_77,mendelssohn,1,,,,
scenejan2_76_choice,3,영광이에요!,,,,mendelssohn,default,,,,,scenejan2_77,,,,,,
scenejan2_78_choice,1,"헛소리 하지 마, 저 사람이 뭘 뺏었는데",mendelssohn,mendelssohn,"괜찮습니다, 익숙해요. 제가 상대하겠습니다.",mendelssohn,default,,,,,scenejan2_80,,,,,,
scenejan2_78_choice,2,"뭘 알고 말해, 유대인이 뭘 그렇게 잘못했는데",,,,mendelssohn,default,,,,,scenejan2_79,mendelssohn,3,,,,
scenejan2_78_choice,3,"저런 말 듣지 마요, 들을 가치도 없어요",mendelssohn,mendelssohn,"괜찮습니다, 익숙해요. 제가 상대하겠습니다.",mendelssohn,default,,,,,scenejan2_80,,,,,,
scenejan2_80_choice,1,보조한다,,,,mendelssohn,default,,,,,scenejan2_81,,,,,,set gun as 1
scenejan2_80_choice,2,말린다,,,,mendelssohn,default,,,,,scenejan2_82,mendelssohn,1,,,,set gun as 0
scenejan2_82_choice,1,멋졌어요,,,,mendelssohn,default,,,,,scenejan2_821,,,,,,
scenejan2_82_choice,2,다음부터는 그러지 마세요,,,,mendelssohn,default,,,,,scenejan2_822,mendelssohn,1,,,,
scenejan2_82_choice,3,무서운 사람이었네요,,,,mendelssohn,default,,,,,scenejan2_823,,,,,,
scenejan2_83_choice,1,손수건을 꺼내서 지혈을 해 준다,,,,mendelssohn,default,,,,,scenejan2_85,mendelssohn,1,,,,set handkerchief as 1
scenejan2_83_choice,2,가만히 있는다,,,,mendelssohn,default,,,,,scenejan2_86,,,,,,set handkerchief as 0
scenejan2_95_choice,1,내년에는 제대로 속여 줄 테니까 기대하세요,,,,mendelssohn,default,,,,,scenejan2_96,mendelssohn,1,,,,
scenejan2_95_choice,2,이 치욕은 꼭 설욕해드리겠어요,,,,mendelssohn,default,,,,,scenejan2_97,,,,,,
scenejan2_95_choice,3,덕분에 고마우려다가 말았네요,,,,mendelssohn,default,,,,,scenejan2_98,mendelssohn,-1,,,,
scenejan2_82_1_choice,1,멋졌어요,,,,mendelssohn,default,,,,,scenejan2_821_1,,,,,,
scenejan2_82_1_choice,2,다음부터는 그러지 마세요,,,,mendelssohn,default,,,,,scenejan2_822_1,mendelssohn,1,,,,
scenejan2_82_1_choice,3,무서운 사람이었네요,,,,mendelssohn,default,,,,,scenejan2_823_1,,,,,,
scenejan2_200_choice,1,멘델스존의 초대를 받아들인다,,,"그래, 이거라도 즐거야지... 당신은 긍정의 답신을 보낸다.",,,,,,,scenejan2_300,mendelssohn,1,,,,
scenejan2_200_choice,2,멘델스존의 초대를 거절한다,,,,,,,,,,scenejan2_skip,mendelssohn,-1,,,,
scenejan2_300_choice,1,입을 꾹 닫고 필요한 말만 한다,,,당신의 불편한 침묵을 느꼈는지 멘델스존도 가시방석인 듯했다. 그는 당신의 몫까지 능란하게 대화를 주도하며 분위기를 띄우려고 애썼다.,mendelssohn,default,,,,,,mendelssohn,-1,,,,
scenejan2_300_choice,2,최대한 사근사근하게 응대한다,,,…그래도 기가 빨리는 것은 어쩔 수 없었다.,mendelssohn,default,,,,,,mendelssohn,1,,,,
scenejan2_75_choice,1,너무해요!,mendelssohn,mendelssohn,"당연한 겁니다, 베시에르 양. 행동에 대한 책임을 지셔야죠.",,,,,,,,,,,,,
scenejan2_75_choice,2,알겠어요... 어쩔 수 없죠.,mendelssohn,mendelssohn,...저라고 좋아서 이러는 건 아닙니다.,,,,,,,,,,,,,
scenejan2_75_choice,3,한 번만 봐 주면 안 돼요?,mendelssohn,mendelssohn,"저도 그러고 싶지만, 안전 문제는 후견인이 모르고 지나가서는 안 됩니다.",,,,,,,,,,,,,